pred,true,pred_class,true_class,correct
36,4,CONFUSED,BELIEVE,False
67,14,PARTY,BRAVE,False
34,18,CLOSE,CANCER,False
11,1,BOXING,BACKPACK,False
49,49,FINE,FINE,True
34,4,CLOSE,BELIEVE,False
8,28,BORROW,CHEESEGRATER,False
37,61,DARK,LUNCH,False
35,35,CLOUD,CLOUD,True
13,13,BRAIDS,BRAIDS,True
67,82,PARTY,SKATE,False
79,79,SHINY,SHINY,True
47,47,EDIT,EDIT,True
76,19,SERVE,CASTLE,False
7,98,BLOOD,TYPE,False
34,34,CLOSE,CLOSE,True
12,52,BOY,GREECE,False
49,61,FINE,LUNCH,False
88,33,SURPRISE,CLEAR,False
0,0,AXE,AXE,True
30,30,CHRISTMAS,CHRISTMAS,True
82,82,SKATE,SKATE,True
64,42,MOVIE,DINNER,False
67,67,PARTY,PARTY,True
37,37,DARK,DARK,True
40,26,DEMAND,CHASE,False
49,38,FINE,DEAF,False
35,35,CLOUD,CLOUD,True
12,96,BOY,THIRD,False
36,36,CONFUSED,CONFUSED,True
44,44,DOWNSIZE,DOWNSIZE,True
91,8,TEAM,BORROW,False
10,33,BOWL,CLEAR,False
67,85,PARTY,STICKY,False
49,43,FINE,DOG,False
34,63,CLOSE,MICROSCOPE,False
17,60,CANCEL,LOCK,False
34,34,CLOSE,CLOSE,True
86,86,STOMACH,STOMACH,True
61,89,LUNCH,SUSPECT,False
67,39,PARTY,DECIDE,False
2,2,BASKETBALL,BASKETBALL,True
61,46,LUNCH,EAT,False
91,51,TEAM,GIFT,False
12,59,BOY,LETTUCE,False
17,40,CANCEL,DEMAND,False
92,65,TEMPTATION,NIGHT,False
61,99,LUNCH,WHATFOR,False
49,38,FINE,DEAF,False
82,93,SKATE,TEXT,False
49,24,FINE,CHANNEL,False
67,26,PARTY,CHASE,False
37,37,DARK,DARK,True
49,52,FINE,GREECE,False
73,73,SAME,SAME,True
64,29,MOVIE,CHOCOLATE,False
77,90,SEW,TAKEOFF,False
83,83,SPECIAL,SPECIAL,True
51,15,GIFT,BREAKFAST,False
61,99,LUNCH,WHATFOR,False
34,6,CLOSE,BITE,False
49,96,FINE,THIRD,False
67,76,PARTY,SERVE,False
64,5,MOVIE,BELT,False
5,5,BELT,BELT,True
49,6,FINE,BITE,False
61,68,LUNCH,PATIENT,False
17,31,CANCEL,CIGARETTE,False
34,8,CLOSE,BORROW,False
61,21,LUNCH,CATHOLIC,False
34,16,CLOSE,CALENDAR,False
61,27,LUNCH,CHEEK,False
49,97,FINE,TWINS,False
49,69,FINE,RECENT,False
5,5,BELT,BELT,True
77,45,SEW,DRAG,False
8,48,BORROW,ELEVATOR,False
34,23,CLOSE,CHAIN,False
91,11,TEAM,BOXING,False
40,98,DEMAND,TYPE,False
18,18,CANCER,CANCER,True
34,64,CLOSE,MOVIE,False
40,20,DEMAND,CATEGORY,False
91,91,TEAM,TEAM,True
50,50,FOREIGNER,FOREIGNER,True
11,62,BOXING,MECHANIC,False
12,94,BOY,THAT,False
49,68,FINE,PATIENT,False
73,31,SAME,CIGARETTE,False
10,10,BOWL,BOWL,True
41,41,DEVELOP,DEVELOP,True
17,22,CANCEL,CEMETERY,False
61,57,LUNCH,HOSPITAL,False
67,85,PARTY,STICKY,False
37,55,DARK,HALLOWEEN,False
49,49,FINE,FINE,True
61,27,LUNCH,CHEEK,False
91,91,TEAM,TEAM,True
34,65,CLOSE,NIGHT,False
49,11,FINE,BOXING,False
7,7,BLOOD,BLOOD,True
18,32,CANCER,CITY,False
67,75,PARTY,SCARED,False
17,42,CANCEL,DINNER,False
10,14,BOWL,BRAVE,False
41,41,DEVELOP,DEVELOP,True
61,30,LUNCH,CHRISTMAS,False
86,86,STOMACH,STOMACH,True
49,95,FINE,THEY,False
84,84,STEAL,STEAL,True
61,46,LUNCH,EAT,False
92,25,TEMPTATION,CHARACTER,False
12,59,BOY,LETTUCE,False
84,84,STEAL,STEAL,True
64,60,MOVIE,LOCK,False
10,10,BOWL,BOWL,True
61,92,LUNCH,TEMPTATION,False
82,51,SKATE,GIFT,False
77,81,SEW,SINK,False
2,2,BASKETBALL,BASKETBALL,True
49,57,FINE,HOSPITAL,False
12,21,BOY,CATHOLIC,False
51,80,GIFT,SHOP,False
67,67,PARTY,PARTY,True
67,44,PARTY,DOWNSIZE,False
77,20,SEW,CATEGORY,False
16,7,CALENDAR,BLOOD,False
67,72,PARTY,ROCKINGCHAIR,False
91,23,TEAM,CHAIN,False
12,16,BOY,CALENDAR,False
16,1,CALENDAR,BACKPACK,False
67,75,PARTY,SCARED,False
65,29,NIGHT,CHOCOLATE,False
17,54,CANCEL,GUESS,False
12,12,BOY,BOY,True
37,47,DARK,EDIT,False
67,13,PARTY,BRAIDS,False
76,76,SERVE,SERVE,True
86,92,STOMACH,TEMPTATION,False
12,12,BOY,BOY,True
49,3,FINE,BEE,False
49,24,FINE,CHANNEL,False
49,53,FINE,GREEN,False
34,17,CLOSE,CANCEL,False
9,9,BOTTLE,BOTTLE,True
79,58,SHINY,HURDLE/TRIP,False
12,56,BOY,HAMMER,False
67,77,PARTY,SEW,False
83,83,SPECIAL,SPECIAL,True
51,70,GIFT,RESEARCH,False
12,66,BOY,NOON,False
12,66,BOY,NOON,False
79,79,SHINY,SHINY,True
88,88,SURPRISE,SURPRISE,True
49,89,FINE,SUSPECT,False
51,9,GIFT,BOTTLE,False
51,69,GIFT,RECENT,False
34,15,CLOSE,BREAKFAST,False
91,32,TEAM,CITY,False
61,87,LUNCH,STRANGE,False
67,39,PARTY,DECIDE,False
49,53,FINE,GREEN,False
91,62,TEAM,MECHANIC,False
45,71,DRAG,RIVER,False
77,45,SEW,DRAG,False
34,74,CLOSE,SANDWICH,False
49,99,FINE,WHATFOR,False
49,95,FINE,THEY,False
83,40,SPECIAL,DEMAND,False
92,50,TEMPTATION,FOREIGNER,False
4,81,BELIEVE,SINK,False
8,80,BORROW,SHOP,False
12,94,BOY,THAT,False
36,36,CONFUSED,CONFUSED,True
12,56,BOY,HAMMER,False
88,88,SURPRISE,SURPRISE,True
77,78,SEW,SHAVE,False
79,58,SHINY,HURDLE/TRIP,False
32,25,CITY,CHARACTER,False
49,74,FINE,SANDWICH,False
67,72,PARTY,ROCKINGCHAIR,False
28,64,CHEESEGRATER,MOVIE,False
91,93,TEAM,TEXT,False
77,71,SEW,RIVER,False
49,97,FINE,TWINS,False
12,3,BOY,BEE,False
77,78,SEW,SHAVE,False
34,17,CLOSE,CANCEL,False
49,68,FINE,PATIENT,False
71,22,RIVER,CEMETERY,False
28,63,CHEESEGRATER,MICROSCOPE,False
12,0,BOY,AXE,False
61,55,LUNCH,HALLOWEEN,False
28,28,CHEESEGRATER,CHEESEGRATER,True
49,54,FINE,GUESS,False
49,43,FINE,DOG,False
12,70,BOY,RESEARCH,False
2,2,BASKETBALL,BASKETBALL,True
48,48,ELEVATOR,ELEVATOR,True
19,19,CASTLE,CASTLE,True
77,77,SEW,SEW,True
64,73,MOVIE,SAME,False
49,87,FINE,STRANGE,False
77,90,SEW,TAKEOFF,False
